-- phpMyAdmin SQL Dump
-- version 4.8.2
-- https://www.phpmyadmin.net/
--
-- Host: localhost
-- Generation Time: Dec 15, 2018 at 02:18 PM
-- Server version: 10.1.34-MariaDB
-- PHP Version: 7.2.7

SET SQL_MODE = "NO_AUTO_VALUE_ON_ZERO";
SET AUTOCOMMIT = 0;
START TRANSACTION;
SET time_zone = "+00:00";


/*!40101 SET @OLD_CHARACTER_SET_CLIENT=@@CHARACTER_SET_CLIENT */;
/*!40101 SET @OLD_CHARACTER_SET_RESULTS=@@CHARACTER_SET_RESULTS */;
/*!40101 SET @OLD_COLLATION_CONNECTION=@@COLLATION_CONNECTION */;
/*!40101 SET NAMES utf8mb4 */;

--
-- Database: `elaravel`
--

-- --------------------------------------------------------

--
-- Table structure for table `migrations`
--

CREATE TABLE `migrations` (
  `id` int(10) UNSIGNED NOT NULL,
  `migration` varchar(255) COLLATE utf8mb4_unicode_ci NOT NULL,
  `batch` int(11) NOT NULL
) ENGINE=InnoDB DEFAULT CHARSET=utf8mb4 COLLATE=utf8mb4_unicode_ci;

--
-- Dumping data for table `migrations`
--

INSERT INTO `migrations` (`id`, `migration`, `batch`) VALUES
(1, '2018_12_05_094328_create_tbl_admin_table', 1),
(2, '2018_12_06_055753_create_tbl_category_table', 2),
(3, '2018_12_07_132100_create_manufacture_table', 3),
(4, '2018_12_10_110540_create_tbl_products_table', 4),
(5, '2018_12_12_081715_create_tbl_slider_table', 5),
(6, '2018_12_14_061754_create_tbl_customer_table', 6),
(7, '2018_12_14_080620_create_tbl_shipping_table', 7),
(8, '2018_12_15_081437_create_tbl_payment_table', 8),
(9, '2018_12_15_081506_create_tbl_order_table', 8),
(10, '2018_12_15_081530_create_tbl_order_details_table', 8);

-- --------------------------------------------------------

--
-- Table structure for table `tbl_admin`
--

CREATE TABLE `tbl_admin` (
  `admin_id` int(10) UNSIGNED NOT NULL,
  `admin_email` varchar(255) COLLATE utf8mb4_unicode_ci NOT NULL,
  `admin_password` varchar(255) COLLATE utf8mb4_unicode_ci NOT NULL,
  `admin_name` varchar(255) COLLATE utf8mb4_unicode_ci NOT NULL,
  `admin_phone` varchar(255) COLLATE utf8mb4_unicode_ci NOT NULL,
  `created_at` timestamp NULL DEFAULT NULL,
  `updated_at` timestamp NULL DEFAULT NULL
) ENGINE=InnoDB DEFAULT CHARSET=utf8mb4 COLLATE=utf8mb4_unicode_ci;

--
-- Dumping data for table `tbl_admin`
--

INSERT INTO `tbl_admin` (`admin_id`, `admin_email`, `admin_password`, `admin_name`, `admin_phone`, `created_at`, `updated_at`) VALUES
(1, 'admin@gmail.com', 'admin', 'admin', '123456', NULL, NULL);

-- --------------------------------------------------------

--
-- Table structure for table `tbl_category`
--

CREATE TABLE `tbl_category` (
  `category_id` int(10) UNSIGNED NOT NULL,
  `category_name` varchar(255) COLLATE utf8mb4_unicode_ci NOT NULL,
  `category_description` varchar(255) COLLATE utf8mb4_unicode_ci NOT NULL,
  `publication_status` int(2) DEFAULT '0',
  `created_at` timestamp NULL DEFAULT NULL,
  `updated_at` timestamp NULL DEFAULT NULL
) ENGINE=InnoDB DEFAULT CHARSET=utf8mb4 COLLATE=utf8mb4_unicode_ci;

--
-- Dumping data for table `tbl_category`
--

INSERT INTO `tbl_category` (`category_id`, `category_name`, `category_description`, `publication_status`, `created_at`, `updated_at`) VALUES
(1, 'Men', 'Mens Product', 1, NULL, NULL),
(2, 'Women', 'Women Products<span class=\"Apple-tab-span\" style=\"white-space:pre\">	</span>', 1, NULL, NULL),
(3, 'Child', 'Child Product', 1, NULL, NULL),
(4, 'Electronics', 'Electronics Product<span class=\"Apple-tab-span\" style=\"white-space:pre\">	</span>', 1, NULL, NULL),
(5, 'Others', 'Others Products', 1, NULL, NULL),
(6, 'Sports', 'Sports Products', 1, NULL, NULL),
(7, 'Laptops', 'Laptops Products', 1, NULL, NULL),
(8, 'Cloths', '<font face=\"Arial, Verdana\"><span style=\"font-size: 13.3333px;\">Cloths Product</span></font>', 1, NULL, NULL),
(9, 'Furniture', 'Furniture', 1, NULL, NULL);

-- --------------------------------------------------------

--
-- Table structure for table `tbl_customer`
--

CREATE TABLE `tbl_customer` (
  `customer_id` int(10) UNSIGNED NOT NULL,
  `customer_name` varchar(255) COLLATE utf8mb4_unicode_ci NOT NULL,
  `customer_email` varchar(255) COLLATE utf8mb4_unicode_ci NOT NULL,
  `password` varchar(255) COLLATE utf8mb4_unicode_ci NOT NULL,
  `mobile_number` varchar(255) COLLATE utf8mb4_unicode_ci NOT NULL,
  `created_at` timestamp NULL DEFAULT NULL,
  `updated_at` timestamp NULL DEFAULT NULL
) ENGINE=InnoDB DEFAULT CHARSET=utf8mb4 COLLATE=utf8mb4_unicode_ci;

--
-- Dumping data for table `tbl_customer`
--

INSERT INTO `tbl_customer` (`customer_id`, `customer_name`, `customer_email`, `password`, `mobile_number`, `created_at`, `updated_at`) VALUES
(1, 'admin', 'admin@gmail.com', 'e10adc3949ba59abbe56e057f20f883e', '9871407469', NULL, NULL),
(2, 'daljeet', 'daljeet@gmail.com', 'e10adc3949ba59abbe56e057f20f883e', '9876543212', NULL, NULL),
(3, 'test', 'test@gmail.com', 'e10adc3949ba59abbe56e057f20f883e', '9999999999', NULL, NULL);

-- --------------------------------------------------------

--
-- Table structure for table `tbl_manufacture`
--

CREATE TABLE `tbl_manufacture` (
  `manufacture_id` int(10) UNSIGNED NOT NULL,
  `manufacture_name` varchar(255) COLLATE utf8mb4_unicode_ci NOT NULL,
  `manufacture_description` varchar(255) COLLATE utf8mb4_unicode_ci NOT NULL,
  `publication_status` int(2) NOT NULL DEFAULT '0',
  `created_at` timestamp NULL DEFAULT NULL,
  `updated_at` timestamp NULL DEFAULT NULL
) ENGINE=InnoDB DEFAULT CHARSET=utf8mb4 COLLATE=utf8mb4_unicode_ci;

--
-- Dumping data for table `tbl_manufacture`
--

INSERT INTO `tbl_manufacture` (`manufacture_id`, `manufacture_name`, `manufacture_description`, `publication_status`, `created_at`, `updated_at`) VALUES
(2, 'Daljeet', '1111111Daljeetfwfffs', 1, NULL, NULL),
(4, 'Chillor rose', 'womens brand', 1, NULL, NULL),
(5, 'Apple', 'apple brand are so good', 1, NULL, NULL),
(6, 'otobi', 'otobi furniture', 1, NULL, NULL),
(7, 'Samsung', 'this is samsung brand', 1, NULL, NULL),
(8, 'Intex', 'Intex', 1, NULL, NULL),
(9, 'postman', 'Postman', 1, NULL, NULL),
(10, 'Other', 'This is other Project', 1, NULL, NULL),
(11, 'Shirts', 'This is Shirt Product', 1, NULL, NULL),
(12, 'Suits', 'THis is ladies Suits<span class=\"Apple-tab-span\" style=\"white-space:pre\">	</span>', 1, NULL, NULL),
(13, 'Wood Table', 'Wood Table', 1, NULL, NULL);

-- --------------------------------------------------------

--
-- Table structure for table `tbl_order`
--

CREATE TABLE `tbl_order` (
  `order_id` int(10) UNSIGNED NOT NULL,
  `shipping_id` varchar(11) COLLATE utf8mb4_unicode_ci NOT NULL,
  `payment_id` varchar(11) COLLATE utf8mb4_unicode_ci NOT NULL,
  `order_total` varchar(255) COLLATE utf8mb4_unicode_ci NOT NULL,
  `order_status` varchar(20) COLLATE utf8mb4_unicode_ci NOT NULL,
  `created_at` timestamp NULL DEFAULT CURRENT_TIMESTAMP,
  `updated_at` timestamp NULL DEFAULT NULL
) ENGINE=InnoDB DEFAULT CHARSET=utf8mb4 COLLATE=utf8mb4_unicode_ci;

--
-- Dumping data for table `tbl_order`
--

INSERT INTO `tbl_order` (`order_id`, `shipping_id`, `payment_id`, `order_total`, `order_status`, `created_at`, `updated_at`) VALUES
(1, '25', '1', '25,000.00', 'pending', '2018-12-15 13:02:03', NULL),
(2, '25', '2', '25,000.00', 'pending', '2018-12-15 13:10:27', NULL),
(3, '26', '3', '10,000.00', 'pending', '2018-12-15 13:16:53', NULL);

-- --------------------------------------------------------

--
-- Table structure for table `tbl_order_details`
--

CREATE TABLE `tbl_order_details` (
  `order_details_id` int(10) UNSIGNED NOT NULL,
  `order_id` int(11) NOT NULL,
  `product_id` int(11) NOT NULL,
  `product_name` varchar(255) COLLATE utf8mb4_unicode_ci NOT NULL,
  `product_price` varchar(255) COLLATE utf8mb4_unicode_ci NOT NULL,
  `product_sales_quantity` varchar(255) COLLATE utf8mb4_unicode_ci NOT NULL,
  `created_at` varchar(20) COLLATE utf8mb4_unicode_ci DEFAULT NULL,
  `updated_at` timestamp NULL DEFAULT NULL
) ENGINE=InnoDB DEFAULT CHARSET=utf8mb4 COLLATE=utf8mb4_unicode_ci;

--
-- Dumping data for table `tbl_order_details`
--

INSERT INTO `tbl_order_details` (`order_details_id`, `order_id`, `product_id`, `product_name`, `product_price`, `product_sales_quantity`, `created_at`, `updated_at`) VALUES
(1, 1, 8, 'Table', '5000', '5', NULL, NULL),
(2, 2, 8, 'Table', '5000', '5', NULL, NULL),
(3, 3, 8, 'Table', '5000', '2', NULL, NULL);

-- --------------------------------------------------------

--
-- Table structure for table `tbl_payment`
--

CREATE TABLE `tbl_payment` (
  `payment_id` int(10) UNSIGNED NOT NULL,
  `payment_method` varchar(255) COLLATE utf8mb4_unicode_ci NOT NULL,
  `payment_status` varchar(255) COLLATE utf8mb4_unicode_ci NOT NULL,
  `created_at` timestamp NULL DEFAULT CURRENT_TIMESTAMP,
  `updated_at` timestamp NULL DEFAULT NULL
) ENGINE=InnoDB DEFAULT CHARSET=utf8mb4 COLLATE=utf8mb4_unicode_ci;

--
-- Dumping data for table `tbl_payment`
--

INSERT INTO `tbl_payment` (`payment_id`, `payment_method`, `payment_status`, `created_at`, `updated_at`) VALUES
(1, 'handcash', 'pending', '2018-12-15 13:02:03', NULL),
(2, 'handcash', 'pending', '2018-12-15 13:10:27', NULL),
(3, 'handcash', 'pending', '2018-12-15 13:16:53', NULL);

-- --------------------------------------------------------

--
-- Table structure for table `tbl_products`
--

CREATE TABLE `tbl_products` (
  `product_id` int(10) UNSIGNED NOT NULL,
  `product_name` varchar(50) COLLATE utf8mb4_unicode_ci NOT NULL,
  `category_id` int(11) NOT NULL,
  `manufacture_id` int(11) NOT NULL,
  `product_short_description` longtext COLLATE utf8mb4_unicode_ci NOT NULL,
  `product_long_description` longtext COLLATE utf8mb4_unicode_ci NOT NULL,
  `product_price` varchar(255) COLLATE utf8mb4_unicode_ci NOT NULL,
  `product_image` varchar(255) COLLATE utf8mb4_unicode_ci NOT NULL,
  `product_size` varchar(255) COLLATE utf8mb4_unicode_ci NOT NULL,
  `product_color` varchar(255) COLLATE utf8mb4_unicode_ci NOT NULL,
  `publication_status` int(11) NOT NULL,
  `created_at` timestamp NULL DEFAULT NULL,
  `updated_at` timestamp NULL DEFAULT NULL
) ENGINE=InnoDB DEFAULT CHARSET=utf8mb4 COLLATE=utf8mb4_unicode_ci;

--
-- Dumping data for table `tbl_products`
--

INSERT INTO `tbl_products` (`product_id`, `product_name`, `category_id`, `manufacture_id`, `product_short_description`, `product_long_description`, `product_price`, `product_image`, `product_size`, `product_color`, `publication_status`, `created_at`, `updated_at`) VALUES
(1, 'Iphone 8', 4, 5, 'This is Apple Phone', 'This is Another Apple phone', '60,000', 'image/VEtfxR0gILvmIGScc2Lr.jpg', '4.8\' inc', 'red,blue,black', 1, NULL, NULL),
(2, 'Shirts', 1, 11, 'This is Shirts Product', 'This is another Product', '450', 'image/ZC7x0ybDX415uKDLJHWB.jpg', 'XXL', 'Brown', 1, NULL, NULL),
(3, 'Mens', 1, 11, 'This is Shirts', 'Anothe Shirts', '550', 'image/dBEIMRPrFCfmeX5XLIOA.jpg', 'XL', 'Green', 1, NULL, NULL),
(5, 'Ladies', 2, 12, 'This is Ladies Suits', 'This is Another Ladies Suits', '1000', 'image/XD7WQefVsyLFLSZJAMXL.jpg', 'Medium', 'Red', 1, NULL, NULL),
(6, 'shirts', 1, 11, 'Mens Shirts', 'Mens Shirts', '850', 'image/e6PUstMH1iH7UwCAi6W6.jpg', 'Double XXL', 'Grey', 1, NULL, NULL),
(7, 'Polo', 1, 11, 'Polo shirts', 'Polo shirts', '760', 'image/KsfDkCbGX4D6oIa2i3fp.jpg', 'XXL', 'Orange', 1, NULL, NULL),
(8, 'Table', 9, 13, 'Beautifull Wooden Table', 'Beautifull Wooden Table', '5000', 'image/QmGdPLuQVfFGmCHQ64Zt.jpg', '400\'inc', 'Brown, red', 1, NULL, NULL);

-- --------------------------------------------------------

--
-- Table structure for table `tbl_shipping`
--

CREATE TABLE `tbl_shipping` (
  `shipping_id` int(10) UNSIGNED NOT NULL,
  `shipping_email` varchar(255) COLLATE utf8mb4_unicode_ci NOT NULL,
  `shipping_first_name` varchar(255) COLLATE utf8mb4_unicode_ci NOT NULL,
  `shipping_last_name` varchar(255) COLLATE utf8mb4_unicode_ci NOT NULL,
  `shipping_address` varchar(255) COLLATE utf8mb4_unicode_ci NOT NULL,
  `shipping_mobile_number` varchar(50) COLLATE utf8mb4_unicode_ci NOT NULL,
  `shipping_city` varchar(255) COLLATE utf8mb4_unicode_ci NOT NULL,
  `created_at` timestamp NULL DEFAULT NULL,
  `updated_at` timestamp NULL DEFAULT NULL
) ENGINE=InnoDB DEFAULT CHARSET=utf8mb4 COLLATE=utf8mb4_unicode_ci;

--
-- Dumping data for table `tbl_shipping`
--

INSERT INTO `tbl_shipping` (`shipping_id`, `shipping_email`, `shipping_first_name`, `shipping_last_name`, `shipping_address`, `shipping_mobile_number`, `shipping_city`, `created_at`, `updated_at`) VALUES
(1, 'sdsff@gmail.com', 'sfsfsd', 'sdd', 'sdsf', '99888778', 'dgfdfdf', NULL, NULL),
(2, 'daljeet@gmail.com', 'daljeet', 'singh', 'delhi', '9871407469', 'delhi', NULL, NULL),
(3, 'technical@gmail.com', 'sfsd', 'dsfdsf', 'ssdf', '123133123', 'asdasdad', NULL, NULL),
(4, 'technical@gmail.com', 'sdsd', 'sdfs', 'sdfd', '1111122223333', 'dsfsdfsf', NULL, NULL),
(5, 'nanak@gmail.com', 'saff', 'ssa', 'dfadd', '9998887776', 'delhi', NULL, NULL),
(6, 'nanak@gmail.com', 'saff', 'ssa', 'dfadd', '9998887776', 'delhi', NULL, NULL),
(7, 'nanak@gmail.com', 'saff', 'ssa', 'dfadd', '9998887776', 'delhi', NULL, NULL),
(8, 'nanak@gmail.com', 'saff', 'ssa', 'dfadd', '9998887776', 'delhi', NULL, NULL),
(9, 'technical@gmail.com', 'dfdas', 'fsdfsds', 'dsfsd', 'dssdfs', 'dsfsdfs', NULL, NULL),
(10, 'technical@gmail.com', 'dssdfs', 'dsfdsf', 'sdfsd', 'dfsdfs', 'sdfsdfs', NULL, NULL),
(11, 'technical@gmail.com', 'dfs', 'sdfsd', 'fsd', 'sdfsd', 'sddsfsdf', NULL, NULL),
(12, 'technical@gmail.com', 'dssdfds', 'sdfdfdss', 'sfsfsd', 'sdfsdfs', 'sdsdf', NULL, NULL),
(13, 'sfsd@gmail.com', 'sdds', 'sdds', 'sdfd', '13123132', 'sdsfsd', NULL, NULL),
(14, 'sfsd@gmail.com', 'dsfsd', 'dfsdf', 'dfsdf', 'fsdfsdf', 'sdfsf', NULL, NULL),
(15, 'assads@gmail.com', 'addas', 'asdda', 'asdasa', 'adaas', 'sadasd', NULL, NULL),
(16, 'sfsd@gmail.com', 'addass', 'sdsd', 'fsdfsd', 'dsdf', 'sadasd', NULL, NULL),
(17, 'adf@gmail.com', 'sdfsf', 'dsfs', 'sdfdfsd', 'sdffsfsdf', 'sdfsdf', NULL, NULL),
(18, 'sfsd@gmail.com', 'ertetee', 'ereter', 'terter', 'erte', 'eert', NULL, NULL),
(19, 'sfsd@gmail.com', 'fsdfs', 'dsf', 'fsdfs', 'sdfds', 'sdfsd', NULL, NULL),
(20, 'sfsd@gmail.com', 'sdfsd', 'sdfs', 'sdfsf', 'dfsdsa', 'sfsdfs', NULL, NULL),
(21, 'technical@gmail.com', 'dsfsd', 'dssd', 'dsfsd', 'sdfsd', 'dsdf', NULL, NULL),
(22, 'sfsd@gmail.com', 'sdfs', 'sdfsd', 'sdsd', 'sdsdf', 'sdfsd', NULL, NULL),
(23, 'sfsd@gmail.com', 'dssdf', 'sdfsdf', 'dfss', 'fsdfsd', '123456', NULL, NULL),
(24, 'assads@gmail.com', 'sdffs', 'dsfs', 'sdfdsf', 'sdfds', 'dfsd', NULL, NULL),
(25, 'sfsd@gmail.com', 'sdfsd', 'sdfs', 'sdfsds', 'dsfs', 'sdfdf', NULL, NULL),
(26, 'sfsd@gmail.com', 'dfsdsd', 'dsfds', 'sdfsdf', 'sdfd', 'dsfsd', NULL, NULL);

-- --------------------------------------------------------

--
-- Table structure for table `tbl_slider`
--

CREATE TABLE `tbl_slider` (
  `slider_id` int(10) UNSIGNED NOT NULL,
  `slider_image` varchar(255) COLLATE utf8mb4_unicode_ci NOT NULL,
  `publication_status` varchar(255) COLLATE utf8mb4_unicode_ci NOT NULL,
  `created_at` timestamp NULL DEFAULT NULL,
  `updated_at` timestamp NULL DEFAULT NULL
) ENGINE=InnoDB DEFAULT CHARSET=utf8mb4 COLLATE=utf8mb4_unicode_ci;

--
-- Dumping data for table `tbl_slider`
--

INSERT INTO `tbl_slider` (`slider_id`, `slider_image`, `publication_status`, `created_at`, `updated_at`) VALUES
(8, 'slider/hfJUpUbt5bhaMejm9YP9.jpg', '1', NULL, NULL),
(11, 'slider/yirQXZM6VxHtsvLmeIhk.jpg', '1', NULL, NULL),
(12, 'slider/OTAJAJTxJqgSDmQEmxgt.jpg', '1', NULL, NULL);

--
-- Indexes for dumped tables
--

--
-- Indexes for table `migrations`
--
ALTER TABLE `migrations`
  ADD PRIMARY KEY (`id`);

--
-- Indexes for table `tbl_admin`
--
ALTER TABLE `tbl_admin`
  ADD PRIMARY KEY (`admin_id`);

--
-- Indexes for table `tbl_category`
--
ALTER TABLE `tbl_category`
  ADD PRIMARY KEY (`category_id`);

--
-- Indexes for table `tbl_customer`
--
ALTER TABLE `tbl_customer`
  ADD PRIMARY KEY (`customer_id`);

--
-- Indexes for table `tbl_manufacture`
--
ALTER TABLE `tbl_manufacture`
  ADD PRIMARY KEY (`manufacture_id`);

--
-- Indexes for table `tbl_order`
--
ALTER TABLE `tbl_order`
  ADD PRIMARY KEY (`order_id`);

--
-- Indexes for table `tbl_order_details`
--
ALTER TABLE `tbl_order_details`
  ADD PRIMARY KEY (`order_details_id`);

--
-- Indexes for table `tbl_payment`
--
ALTER TABLE `tbl_payment`
  ADD PRIMARY KEY (`payment_id`);

--
-- Indexes for table `tbl_products`
--
ALTER TABLE `tbl_products`
  ADD PRIMARY KEY (`product_id`);

--
-- Indexes for table `tbl_shipping`
--
ALTER TABLE `tbl_shipping`
  ADD PRIMARY KEY (`shipping_id`);

--
-- Indexes for table `tbl_slider`
--
ALTER TABLE `tbl_slider`
  ADD PRIMARY KEY (`slider_id`);

--
-- AUTO_INCREMENT for dumped tables
--

--
-- AUTO_INCREMENT for table `migrations`
--
ALTER TABLE `migrations`
  MODIFY `id` int(10) UNSIGNED NOT NULL AUTO_INCREMENT, AUTO_INCREMENT=11;

--
-- AUTO_INCREMENT for table `tbl_admin`
--
ALTER TABLE `tbl_admin`
  MODIFY `admin_id` int(10) UNSIGNED NOT NULL AUTO_INCREMENT, AUTO_INCREMENT=2;

--
-- AUTO_INCREMENT for table `tbl_category`
--
ALTER TABLE `tbl_category`
  MODIFY `category_id` int(10) UNSIGNED NOT NULL AUTO_INCREMENT, AUTO_INCREMENT=10;

--
-- AUTO_INCREMENT for table `tbl_customer`
--
ALTER TABLE `tbl_customer`
  MODIFY `customer_id` int(10) UNSIGNED NOT NULL AUTO_INCREMENT, AUTO_INCREMENT=4;

--
-- AUTO_INCREMENT for table `tbl_manufacture`
--
ALTER TABLE `tbl_manufacture`
  MODIFY `manufacture_id` int(10) UNSIGNED NOT NULL AUTO_INCREMENT, AUTO_INCREMENT=14;

--
-- AUTO_INCREMENT for table `tbl_order`
--
ALTER TABLE `tbl_order`
  MODIFY `order_id` int(10) UNSIGNED NOT NULL AUTO_INCREMENT, AUTO_INCREMENT=4;

--
-- AUTO_INCREMENT for table `tbl_order_details`
--
ALTER TABLE `tbl_order_details`
  MODIFY `order_details_id` int(10) UNSIGNED NOT NULL AUTO_INCREMENT, AUTO_INCREMENT=4;

--
-- AUTO_INCREMENT for table `tbl_payment`
--
ALTER TABLE `tbl_payment`
  MODIFY `payment_id` int(10) UNSIGNED NOT NULL AUTO_INCREMENT, AUTO_INCREMENT=4;

--
-- AUTO_INCREMENT for table `tbl_products`
--
ALTER TABLE `tbl_products`
  MODIFY `product_id` int(10) UNSIGNED NOT NULL AUTO_INCREMENT, AUTO_INCREMENT=9;

--
-- AUTO_INCREMENT for table `tbl_shipping`
--
ALTER TABLE `tbl_shipping`
  MODIFY `shipping_id` int(10) UNSIGNED NOT NULL AUTO_INCREMENT, AUTO_INCREMENT=27;

--
-- AUTO_INCREMENT for table `tbl_slider`
--
ALTER TABLE `tbl_slider`
  MODIFY `slider_id` int(10) UNSIGNED NOT NULL AUTO_INCREMENT, AUTO_INCREMENT=13;
COMMIT;

/*!40101 SET CHARACTER_SET_CLIENT=@OLD_CHARACTER_SET_CLIENT */;
/*!40101 SET CHARACTER_SET_RESULTS=@OLD_CHARACTER_SET_RESULTS */;
/*!40101 SET COLLATION_CONNECTION=@OLD_COLLATION_CONNECTION */;
